0,1,6,1,6,13448,0,1,75264,0,0.75,1.0,4718592,0.75,3699376128,0
1,1,6,1,6,1584,1,2,1216512,0,0.75,1.0,4718592,0.75,233570304,0
2,1,6,1,6,1584,0,3,1216512,0,0.75,1.0,4718592,0.75,233570304,0
3,1,2,1,2,1584,0,4,1216512,0,0.5771484375,0.76953125,1210368,0.75,59913216,0
4,1,6,1,6,1584,0,5,1216512,0,0.75,1.0,4718592,0.75,233570304,0
5,1,6,1,6,1584,0,6,312048,0,0.1923828125,1.0,1210368,0.1923828125,59913216,0
6,1,6,1,6,1584,0,7,1216512,0,0.75,1.0,4718592,0.75,233570304,0
7,2,24,1,24,1584,1,9,1216512,0,0.75,1.0,18874368,0.75,934281216,0
8,1,18,3,6,1584,0,10,4866048,0,1.0,1.0,18874368,1.0,934281216,0
9,1,6,1,6,1584,1,11,1216512,0,0.75,1.0,4718592,0.75,233570304,0
10,1,6,1,6,1584,0,12,1216512,0,0.75,1.0,4718592,0.75,233570304,0
11,1,2,1,2,1584,0,13,1216512,0,0.5771484375,0.76953125,1210368,0.75,59913216,0
12,1,6,1,6,1584,0,14,1216512,0,0.75,1.0,4718592,0.75,233570304,0
13,1,6,1,6,1584,0,15,312048,0,0.1923828125,1.0,1210368,0.1923828125,59913216,0
14,1,6,1,6,1584,0,16,1216512,0,0.75,1.0,4718592,0.75,233570304,0
15,2,24,1,24,1584,1,18,1216512,0,0.75,1.0,18874368,0.75,934281216,0
16,1,18,3,6,1584,0,19,4866048,0,1.0,1.0,18874368,1.0,934281216,0
17,1,6,1,6,1584,1,20,1216512,0,0.75,1.0,4718592,0.75,233570304,0
18,1,6,1,6,1584,0,21,1216512,0,0.75,1.0,4718592,0.75,233570304,0
19,1,2,1,2,1584,0,22,1216512,0,0.5771484375,0.76953125,1210368,0.75,59913216,0
20,1,6,1,6,1584,0,23,1216512,0,0.75,1.0,4718592,0.75,233570304,0
21,1,6,1,6,1584,0,24,312048,0,0.1923828125,1.0,1210368,0.1923828125,59913216,0
22,1,6,1,6,1584,0,25,1216512,0,0.75,1.0,4718592,0.75,233570304,0
23,2,24,1,24,1584,1,27,1216512,0,0.75,1.0,18874368,0.75,934281216,0
24,1,18,3,6,1584,0,28,4866048,0,1.0,1.0,18874368,1.0,934281216,0
25,1,6,1,6,1584,1,29,1216512,0,0.75,1.0,4718592,0.75,233570304,0
26,1,6,1,6,1584,0,30,1216512,0,0.75,1.0,4718592,0.75,233570304,0
27,1,2,1,2,1584,0,31,1216512,0,0.5771484375,0.76953125,1210368,0.75,59913216,0
28,1,6,1,6,1584,0,32,1216512,0,0.75,1.0,4718592,0.75,233570304,0
29,1,6,1,6,1584,0,33,312048,0,0.1923828125,1.0,1210368,0.1923828125,59913216,0
30,1,6,1,6,1584,0,34,1216512,0,0.75,1.0,4718592,0.75,233570304,0
31,2,24,1,24,1584,1,36,1216512,0,0.75,1.0,18874368,0.75,934281216,0
32,1,18,3,6,1584,0,37,4866048,0,1.0,1.0,18874368,1.0,934281216,0
33,1,6,1,6,1584,1,38,1216512,0,0.75,1.0,4718592,0.75,233570304,0
34,1,6,1,6,1584,0,39,1216512,0,0.75,1.0,4718592,0.75,233570304,0
35,1,2,1,2,1584,0,40,1216512,0,0.5771484375,0.76953125,1210368,0.75,59913216,0
36,1,6,1,6,1584,0,41,1216512,0,0.75,1.0,4718592,0.75,233570304,0
37,1,6,1,6,1584,0,42,312048,0,0.1923828125,1.0,1210368,0.1923828125,59913216,0
38,1,6,1,6,1584,0,43,1216512,0,0.75,1.0,4718592,0.75,233570304,0
39,2,24,1,24,1584,1,45,1216512,0,0.75,1.0,18874368,0.75,934281216,0
40,1,18,3,6,1584,0,46,4866048,0,1.0,1.0,18874368,1.0,934281216,0
41,1,6,1,6,1584,1,47,1216512,0,0.75,1.0,4718592,0.75,233570304,0
42,1,6,1,6,1584,0,48,1216512,0,0.75,1.0,4718592,0.75,233570304,0
43,1,2,1,2,1584,0,49,1216512,0,0.5771484375,0.76953125,1210368,0.75,59913216,0
44,1,6,1,6,1584,0,50,1216512,0,0.75,1.0,4718592,0.75,233570304,0
45,1,6,1,6,1584,0,51,312048,0,0.1923828125,1.0,1210368,0.1923828125,59913216,0
46,1,6,1,6,1584,0,52,1216512,0,0.75,1.0,4718592,0.75,233570304,0
47,2,24,1,24,1584,1,54,1216512,0,0.75,1.0,18874368,0.75,934281216,0
48,1,18,3,6,1584,0,55,4866048,0,1.0,1.0,18874368,1.0,934281216,0
49,1,6,1,6,1584,1,56,1216512,0,0.75,1.0,4718592,0.75,233570304,0
50,1,6,1,6,1584,0,57,1216512,0,0.75,1.0,4718592,0.75,233570304,0
51,1,2,1,2,1584,0,58,1216512,0,0.5771484375,0.76953125,1210368,0.75,59913216,0
52,1,6,1,6,1584,0,59,1216512,0,0.75,1.0,4718592,0.75,233570304,0
53,1,6,1,6,1584,0,60,312048,0,0.1923828125,1.0,1210368,0.1923828125,59913216,0
54,1,6,1,6,1584,0,61,1216512,0,0.75,1.0,4718592,0.75,233570304,0
55,2,24,1,24,1584,1,63,1216512,0,0.75,1.0,18874368,0.75,934281216,0
56,1,18,3,6,1584,0,64,4866048,0,1.0,1.0,18874368,1.0,934281216,0
57,1,6,1,6,1584,1,65,1216512,1,0.75,1.0,4718592,0.75,233570304,0
58,1,6,1,6,1584,0,66,1216512,1,0.75,1.0,4718592,0.75,233570304,0
59,1,2,1,2,1584,0,67,1216512,1,0.5771484375,0.76953125,1210368,0.75,59913216,0
60,1,6,1,6,1584,0,68,1216512,1,0.75,1.0,4718592,0.75,233570304,0
61,1,6,1,6,1584,0,69,312048,1,0.1923828125,1.0,1210368,0.1923828125,59913216,0
62,1,6,1,6,1584,0,70,1216512,1,0.75,1.0,4718592,0.75,233570304,0
63,2,24,1,24,1584,1,72,1216512,1,0.75,1.0,18874368,0.75,934281216,0
64,1,18,3,6,1584,0,73,4866048,1,1.0,1.0,18874368,1.0,934281216,0
65,1,6,1,6,1584,1,74,1216512,1,0.75,1.0,4718592,0.75,233570304,0
66,1,6,1,6,1584,0,75,1216512,1,0.75,1.0,4718592,0.75,233570304,0
67,1,2,1,2,1584,0,76,1216512,1,0.5771484375,0.76953125,1210368,0.75,59913216,0
68,1,6,1,6,1584,0,77,1216512,1,0.75,1.0,4718592,0.75,233570304,0
69,1,6,1,6,1584,0,78,312048,1,0.1923828125,1.0,1210368,0.1923828125,59913216,0
70,1,6,1,6,1584,0,79,1216512,1,0.75,1.0,4718592,0.75,233570304,0
71,2,24,1,24,1584,1,81,1216512,1,0.75,1.0,18874368,0.75,934281216,0
72,1,18,3,6,1584,0,82,4866048,1,1.0,1.0,18874368,1.0,934281216,0
73,1,6,1,6,1584,1,83,1216512,1,0.75,1.0,4718592,0.75,233570304,0
74,1,6,1,6,1584,0,84,1216512,1,0.75,1.0,4718592,0.75,233570304,0
75,1,2,1,2,1584,0,85,1216512,1,0.5771484375,0.76953125,1210368,0.75,59913216,0
76,1,6,1,6,1584,0,86,1216512,1,0.75,1.0,4718592,0.75,233570304,0
77,1,6,1,6,1584,0,87,312048,1,0.1923828125,1.0,1210368,0.1923828125,59913216,0
78,1,6,1,6,1584,0,88,1216512,1,0.75,1.0,4718592,0.75,233570304,0
79,2,24,1,24,1584,1,90,1216512,1,0.75,1.0,18874368,0.75,934281216,0
80,1,18,3,6,1584,0,91,4866048,1,1.0,1.0,18874368,1.0,934281216,0
81,1,6,1,6,1584,1,92,1216512,1,0.75,1.0,4718592,0.75,233570304,0
82,1,6,1,6,1584,0,93,1216512,1,0.75,1.0,4718592,0.75,233570304,0
83,1,2,1,2,1584,0,94,1216512,1,0.5771484375,0.76953125,1210368,0.75,59913216,0
84,1,6,1,6,1584,0,95,1216512,1,0.75,1.0,4718592,0.75,233570304,0
85,1,6,1,6,1584,0,96,312048,1,0.1923828125,1.0,1210368,0.1923828125,59913216,0
86,1,6,1,6,1584,0,97,1216512,1,0.75,1.0,4718592,0.75,233570304,0
87,2,24,1,24,1584,1,99,1216512,1,0.75,1.0,18874368,0.75,934281216,0
88,1,18,3,6,1584,0,100,4866048,1,1.0,1.0,18874368,1.0,934281216,0
89,1,6,1,6,1584,1,101,1216512,1,0.75,1.0,4718592,0.75,233570304,0
90,1,6,1,6,1584,0,102,1216512,1,0.75,1.0,4718592,0.75,233570304,0
91,1,2,1,2,1584,0,103,1216512,1,0.5771484375,0.76953125,1210368,0.75,59913216,0
92,1,6,1,6,1584,0,104,1216512,1,0.75,1.0,4718592,0.75,233570304,0
93,1,6,1,6,1584,0,105,312048,1,0.1923828125,1.0,1210368,0.1923828125,59913216,0
94,1,6,1,6,1584,0,106,1216512,1,0.75,1.0,4718592,0.75,233570304,0
95,2,24,1,24,1584,1,108,1216512,1,0.75,1.0,18874368,0.75,934281216,0
96,1,18,3,6,1584,0,109,4866048,1,1.0,1.0,18874368,1.0,934281216,0
97,1,8,1,8,8,0,110,6144,1,0.732421875,0.9765625,6144000,0.75,1536000,0
